{
  "root": "testValidInput",
  "description": "Loads getUsers2_2 record data",
  "variables": {},
  "actions": {
    "testValidInput": {
      "module": "vb/action/builtin/ifAction",
      "parameters": {
        "condition": "[[ true ]]"
      },
      "outcomes": {
        "true": "resetGetUsers22Data"
      },
      "description": "Tests the REST call can be initiated",
      "label": "Test valid input"
    },
    "resetGetUsers22Data": {
      "module": "vb/action/builtin/resetVariablesAction",
      "parameters": {
        "variables": [
          "$page.variables.getUsers22"
        ]
      },
      "outcomes": {
        "success": "loadGetUsers22"
      },
      "description": "Clears getUsers2_2 data the variable holds",
      "label": "Reset getUsers2_2 variable"
    },
    "loadGetUsers22": {
      "module": "vb/action/builtin/restAction",
      "parameters": {
        "endpoint": "api/getUsers2_2",
        "responseType": "getUsers22Response"
      },
      "outcomes": {
        "success": "assignGetUsers22Data",
        "failure": "fireErrorNotification"
      },
      "description": "Initiates REST call loading getUsers2_2 data",
      "label": "Load getUsers2_2 record"
    },
    "assignGetUsers22Data": {
      "module": "vb/action/builtin/assignVariablesAction",
      "parameters": {
        "$page.variables.getUsers22": {
          "source": "[[ $chain.results.loadGetUsers22.body ]]",
          "auto": "always"
        }
      },
      "description": "Assigns data loaded by the REST call to the getUsers2_2 variable",
      "label": "Assign getUsers2_2 data"
    },
    "fireErrorNotification": {
      "module": "vb/action/builtin/fireNotificationEventAction",
      "parameters": {
        "summary": "Could not load data",
        "message": "[[ 'Could not load data: status ' + $chain.results.loadGetUsers22.status ]]",
        "type": "error",
        "displayMode": "persist"
      },
      "description": "Shows an error message informing about data load failure",
      "label": "Show error message"
    }
  }
}