{
  "description": "",
  "root": "navigateToMainInfo",
  "actions": {
    "navigateToMainInfo": {
      "module": "vb/action/builtin/navigateAction",
      "@dt": {
        "targetType": "page"
      },
      "parameters": {
        "page": "main-info",
        "params": {
          "rowIndex": "{{ $variables.index }}",
          "parentPage": "main-start"
        }
      }
    }
  },
  "variables": {
    "key": {
      "required": true,
      "type": "any",
      "input": "fromCaller"
    },
    "index": {
      "required": true,
      "type": "number",
      "input": "fromCaller"
    },
    "current": {
      "required": true,
      "type": "any",
      "input": "fromCaller"
    }
  }
}