{

  "title": "",
  "description": "",
  "variables": {
    "filterVar": {
      "type": "string"
    },
    "getUsersListSDP2": {
      "type": "vb/ServiceDataProvider",
      "defaultValue": {
        "endpoint": "api/getUsers",
        "keyAttributes": "id",
        "itemsPath": "data",
        "responseType": "getUsersResponse2",
        "filterCriterion": {
          "op": "$co",
          "attribute": "data.first_name",
          "value": "{{ $variables.filterVar }}"
        }
      }
    }
  },
  "metadata": {},
  "types": {
    "@decorators.getUsersResponse": {
      "endpoint": "getUsers",
      "service": "api",
      "path": "response"
    },
    "@decorators.getUsersResponse2": {
      "endpoint": "getUsers",
      "service": "api",
      "path": "response"
    },
    "getUsersResponse": {
      "data": [
        {
          "avatar": "string",
          "email": "string",
          "first_name": "string",
          "id": "number",
          "last_name": "string"
        }
      ]
    },
    "getUsersResponse2": {
      "data": [
        {
          "avatar": "string",
          "email": "string",
          "first_name": "string",
          "id": "number",
          "last_name": "string"
        }
      ]
    }
  },
  "chains": {},
  "eventListeners": {
    "objectCardSpPrimaryAction": {
      "chains": [
        {
          "chainId": "ObjectCardSpPrimaryActionChain",
          "parameters": {
            "key": "{{ $current.key }}",
            "index": "{{ $current.index }}",
            "current": "{{ $current }}"
          }
        }
      ]
    }
  },
  "imports": {
    "components": {
      "oj-input-text": {
        "path": "ojs/ojinputtext"
      },
      "oj-list-view": {
        "path": "ojs/ojlistview"
      },
      "oj-sp-object-card": {
        "path": "oj-sp/object-card/loader"
      },
      "oj-sp-welcome-page": {
        "path": "oj-sp/welcome-page/loader"
      },
      "oj-table": {
        "path": "ojs/ojtable"
      }
    }
  }
}
