{
  "title": "",
  "description": "",
  "variables": {
    "animate": {
      "type": "string",
      "defaultValue": "auto"
    },
    "bidirectionalNavigation": {
      "type": "boolean",
      "defaultValue": true,
      "input": "fromCaller"
    },
    "displayMode": {
      "type": "string"
    },
    "getUsers22": {
      "type": "getUsers22Response"
    },
    "getUsersListSDP": {
      "type": "vb/ServiceDataProvider",
      "defaultValue": {
        "endpoint": "api/getUsers2_2",
        "responseType": "getUsers2_2"
      }
    },
    "goToParent": {
      "type": "boolean",
      "defaultValue": true,
      "input": "fromCaller"
    },
    "nextStep": {
      "type": "any",
      "defaultValue": {}
    },
    "pageTitle": {
      "type": "string",
      "defaultValue": "User Info"
    },
    "panelOneTitle": {
      "type": "string",
      "defaultValue": "User Details"
    },
    "panelTwoTitle": {
      "type": "string",
      "defaultValue": "More Info"
    },
    "parentPage": {
      "type": "string",
      "input": "fromCaller"
    },
    "previousStep": {
      "type": "any"
    },
    "rowIndex": {
      "type": "number",
      "input": "fromUrl",
      "description": "Zero-based index referring to the current row",
      "onValueChanged": {
        "chains": [
          {
            "chainId": "fetchChain",
            "parameters": {
              "limit": 3,
              "offset": "{{ $page.variables.rowIndex > 0 ? ($page.variables.rowIndex - 1) : 0 }}"
            }
          }
        ]
      }
    },
    "selectedPanel": {
      "type": "number",
      "input": "fromUrl"
    }
  },
  "metadata": {},
  "types": {
    "@decorators.getUsers2_2": {
      "endpoint": "getUsers2_2",
      "service": "api",
      "path": "response"
    },
    "@decorators.getUsers22Response": {
      "endpoint": "getUsers2_2",
      "service": "api",
      "path": "response"
    },
    "@decorators.getUsersResponse": {
      "endpoint": "getUsers",
      "service": "api",
      "path": "response"
    },
    "getUsers2_2": {
      "data": {
        "avatar": "string",
        "email": "string",
        "first_name": "string",
        "id": "number",
        "last_name": "string"
      }
    },
    "getUsers22Response": {
      "data": {
        "avatar": "string",
        "email": "string",
        "first_name": "string",
        "id": "number",
        "last_name": "string"
      }
    },
    "getUsersResponse": {
      "data": [
        {
          "avatar": "string",
          "email": "string",
          "first_name": "string",
          "id": "number",
          "last_name": "string"
        }
      ]
    }
  },
  "eventListeners": {
    "onSpGoToParent": {
      "chains": [
        {
          "chainId": "goToParentChain",
          "parameters": {
            "parentPage": "{{ $page.variables.parentPage }}"
          }
        }
      ]
    },
    "onSpNext": {
      "chains": [
        {
          "chainId": "next",
          "parameters": {
            "event": "{{ $event }}"
          }
        }
      ]
    },
    "onSpPrevious": {
      "chains": [
        {
          "chainId": "previous",
          "parameters": {
            "event": "{{ $event }}"
          }
        }
      ]
    },
    "vbEnter": {
      "chains": [
        {
          "chainId": "firePageLayoutEventChain"
        },
        {
          "chainId": "loadGetUsers22Chain",
          "parameters": {}
        }
      ]
    }
  },
  "imports": {
    "components": {
      "oj-avatar": {
        "path": "ojs/ojavatar"
      },
      "oj-form-layout": {
        "path": "ojs/ojformlayout"
      },
      "oj-input-number": {
        "path": "ojs/ojinputnumber"
      },
      "oj-input-text": {
        "path": "ojs/ojinputtext"
      },
      "oj-sp-foldout-layout": {
        "path": "oj-sp/foldout-layout/loader"
      },
      "oj-sp-foldout-panel": {
        "path": "oj-sp/foldout-panel/loader"
      },
      "oj-sp-horizontal-overview": {
        "path": "oj-sp/horizontal-overview/loader"
      }
    }
  }
}
